{
  "target_414_-141": {
    "present": {
      "contrast": 7.5916,
      "color_variance": 2.9132347999999997
    },
    "absent": {
      "contrast": 0.84,
      "color_variance": 0.6527999999999999
    },
    "timestamp": 1737004357.2639942
  },
  "target_412_-227": {
    "present": {
      "contrast": 1.588,
      "color_variance": 3.47083544
    },
    "absent": {
      "contrast": 6.7844,
      "color_variance": 2.7290483200000004
    },
    "timestamp": 1737004367.142862
  },
  "target_-92_-223": {
    "present": {
      "contrast": 0.9,
      "color_variance": 0.7410000000000001
    },
    "absent": {
      "contrast": 0.9,
      "color_variance": 0.7410000000000001
    },
    "timestamp": 1737004392.717951
  },
  "target_401_-140": {
    "present": {
      "contrast": 6.2948,
      "color_variance": 5.153925040000001
    },
    "absent": {
      "contrast": 0.93,
      "color_variance": 0.8216036799999998
    },
    "timestamp": 1737004569.792953
  },
  "target_-48_-223": {
    "present": {
      "contrast": 0.9,
      "color_variance": 0.7410000000000001
    },
    "absent": {
      "contrast": 0.0,
      "color_variance": 0.0
    },
    "timestamp": 1737004581.610701
  }
}