{
  "present": {
    "contrast": 7.7548,
    "color_variance": 3.1011083999999998
  },
  "absent": {
    "contrast": 1.8392,
    "color_variance": 4.147550000000001
  },
  "timestamp": 1737001209.166347
}